symbol,name,yahoo_ticker,news_query
RELIANCE,Reliance Industries Ltd.,RELIANCE.NS,Reliance Industries stock
TCS,Tata Consultancy Services Ltd.,TCS.NS,Tata Consultancy Services stock
HDFCBANK,HDFC Bank Ltd.,HDFCBANK.NS,HDFC Bank stock
INFY,Infosys Ltd.,INFY.NS,Infosys stock
ICICIBANK,ICICI Bank Ltd.,ICICIBANK.NS,ICICI Bank stock
SBIN,State Bank of India,SBIN.NS,State Bank of India stock
ITC,ITC Ltd.,ITC.NS,ITC stock
BHARTIARTL,Bharti Airtel Ltd.,BHARTIARTL.NS,Bharti Airtel stock
LT,Larsen & Toubro Ltd.,LT.NS,Larsen & Toubro stock
ADANIENT,Adani Enterprises Ltd.,ADANIENT.NS,Adani Enterprises stock
AXISBANK,Axis Bank Ltd.,AXISBANK.NS,Axis Bank stock
KOTAKBANK,Kotak Mahindra Bank Ltd.,KOTAKBANK.NS,Kotak Mahindra Bank stock
HINDUNILVR,Hindustan Unilever Ltd.,HINDUNILVR.NS,Hindustan Unilever stock
MARUTI,Maruti Suzuki India Ltd.,MARUTI.NS,Maruti Suzuki India stock
M&M,Mahindra & Mahindra Ltd.,M&M.NS,Mahindra & Mahindra stock
SUNPHARMA,Sun Pharmaceutical Industries Ltd.,SUNPHARMA.NS,Sun Pharmaceutical Industries stock
TITAN,Titan Company Ltd.,TITAN.NS,Titan Company stock
ULTRACEMCO,UltraTech Cement Ltd.,ULTRACEMCO.NS,UltraTech Cement stock
NTPC,NTPC Ltd.,NTPC.NS,NTPC stock
POWERGRID,Power Grid Corporation of India Ltd.,POWERGRID.NS,Power Grid Corporation of India stock
